Ref Name,Qty,Component,Value,Manufacturer,MPN,RS Part Number,Farnell Part Number,Description,
T2,1,-NPN-TO92-EBC,,DIODES INC.,ZTX857,,9524967,"ZTX857  Bipolar (BJT) Single Transistor, NPN, 300 V, 80 MHz, 1.2 W, 3 A, 200 hFE",
T3,1,-NPN-TO92-EBC,,DIODES INC.,ZTX857,,9524967,"ZTX857  Bipolar (BJT) Single Transistor, NPN, 300 V, 80 MHz, 1.2 W, 3 A, 200 hFE",
T4,1,-NPN-TO92-EBC,,DIODES INC.,ZTX857,,9524967,"ZTX857  Bipolar (BJT) Single Transistor, NPN, 300 V, 80 MHz, 1.2 W, 3 A, 200 hFE",
T5,1,-NPN-TO92-EBC,,DIODES INC.,ZTX857,,9524967,"ZTX857  Bipolar (BJT) Single Transistor, NPN, 300 V, 80 MHz, 1.2 W, 3 A, 200 hFE",
CONN7,1,2tb,,RS PRO,494-8956,494-8956,,"RS Pro 5mm Pitch Straight PCB Terminal Block with Screw Termination, Through Hole, 2 Way",
CONN9,1,4Sil,,Harwin,M20-9993646,,1022264,"HARWIN  M20-9993646  Board-To-Board Connector, 2.54 mm, 36 Contacts, Header, M20 Series, Through Hole, 1 Rows",
CONN6,1,4waysil,,Harwin,M20-9993646,,1022264,"HARWIN  M20-9993646  Board-To-Board Connector, 2.54 mm, 36 Contacts, Header, M20 Series, Through Hole, 1 Rows",
CONN8,1,4waysil,,Harwin,M20-9993646,,1022264,"HARWIN  M20-9993646  Board-To-Board Connector, 2.54 mm, 36 Contacts, Header, M20 Series, Through Hole, 1 Rows",
CONN4,1,6sil,,Harwin,M20-9993646,,1022264,"HARWIN  M20-9993646  Board-To-Board Connector, 2.54 mm, 36 Contacts, Header, M20 Series, Through Hole, 1 Rows",
RN1,1,8R-N,3.9k,Bourns,4116R-1-392LF,,1902586,"BOURNS  4116R-1-392LF  Fixed Network Resistor, 3.9 kohm, 100 V, 8 Elements, Isolated, DIP, 250 mW  ",
CONN1,1,8SIL,,Molex,70543-0007,,2679893,"MOLEX  70543-0007  Wire-To-Board Connector, Shrouded, 2.54 mm, 8 Contacts, Header, SL 70543 Series, Through Hole",
CONN2,1,8SIL,,Molex,70543-0007,,2679893,"MOLEX  70543-0007  Wire-To-Board Connector, Shrouded, 2.54 mm, 8 Contacts, Header, SL 70543 Series, Through Hole",
CONN3,1,8SIL,,Molex,70543-0007,,2679893,"MOLEX  70543-0007  Wire-To-Board Connector, Shrouded, 2.54 mm, 8 Contacts, Header, SL 70543 Series, Through Hole",
CONN10,1,8SIL,,Harwin,M20-9993646,,1022264,"HARWIN  M20-9993646  Board-To-Board Connector, 2.54 mm, 36 Contacts, Header, M20 Series, Through Hole, 1 Rows",
IC2,1,74F20,74F20,Texas Instruments,SN74F20N,,1750019,TEXAS INSTRUMENTS  SN74F20N  Quad NAND Gate,
U1,1,ACPL-C87A,,Broadcom,ACPL-C87AT-000E,830-4987,2313196,"Broadcom ACPL-C87AT-000E, Isolation Amplifier, 3 _ 5.5 V, 8-Pin SOIC",
IC3,1,ACPL337J,,Avago Technologies,ACPL-337J-000E,818-8256,,"ACPL-337J-000E DC Input IGBT Gate Drive Output Optocoupler, Surface Mount, 16-Pin SO",
IC4,1,ACPL337J,,Avago Technologies,ACPL-337J-000E,818-8256,,"ACPL-337J-000E DC Input IGBT Gate Drive Output Optocoupler, Surface Mount, 16-Pin SO",
IC6,1,ACPL337J,,Avago Technologies,ACPL-337J-000E,818-8256,,"ACPL-337J-000E DC Input IGBT Gate Drive Output Optocoupler, Surface Mount, 16-Pin SO",
IC7,1,ACPL337J,,Avago Technologies,ACPL-337J-000E,818-8256,,"ACPL-337J-000E DC Input IGBT Gate Drive Output Optocoupler, Surface Mount, 16-Pin SO",
IC8,1,ACPL337J,,Avago Technologies,ACPL-337J-000E,818-8256,,"ACPL-337J-000E DC Input IGBT Gate Drive Output Optocoupler, Surface Mount, 16-Pin SO",
IC9,1,ACPL337J,,Avago Technologies,ACPL-337J-000E,818-8256,,"ACPL-337J-000E DC Input IGBT Gate Drive Output Optocoupler, Surface Mount, 16-Pin SO",
JP5,1,AMPSEAL35,776163-1,AMP - TE CONNECTIVITY,776163-1,,2468341,"AMP - TE CONNECTIVITY  776163-1  Rectangular Power Connector, AMPSEAL Series, Through Hole, Plug, 35 Contacts, 4 mm",
T6,1,BC547,BC547,MULTICOMP,BC547B,,1574381,"BC547B  Bipolar (BJT) Single Transistor, NPN, 45 V, 300 MHz, 625 mW, 100 mA, 200 hFE",
T1,1,BC547B-NPN-TO92-EBC,BC547,MULTICOMP,BC547B,,1574381,"BC547B  Bipolar (BJT) Single Transistor, NPN, 45 V, 300 MHz, 625 mW, 100 mA, 200 hFE",
T7,1,BC547B-NPN-TO92-EBC,BC547,MULTICOMP,BC547B,,1574381,"BC547B  Bipolar (BJT) Single Transistor, NPN, 45 V, 300 MHz, 625 mW, 100 mA, 200 hFE",
C2,1,C-EU025-024X044,1µ,Murata,RHEL81H105K2A2H03B,,2529486,"RHEL81H105K2A2H03B  Multilayer Ceramic Capacitor, 1 µF, 50 V, RHE Series, ± 10%, Radial Leaded, X8L",
C3,1,C-EU025-024X044,1µ,Murata,RHEL81H105K2A2H03B,,2529486,"RHEL81H105K2A2H03B  Multilayer Ceramic Capacitor, 1 µF, 50 V, RHE Series, ± 10%, Radial Leaded, X8L",
C4,1,C-EU025-024X044,1µ,Murata,RHEL81H105K2A2H03B,,2529486,"RHEL81H105K2A2H03B  Multilayer Ceramic Capacitor, 1 µF, 50 V, RHE Series, ± 10%, Radial Leaded, X8L",
C5,1,C-EU025-024X044,1µ,Murata,RHEL81H105K2A2H03B,,2529486,"RHEL81H105K2A2H03B  Multilayer Ceramic Capacitor, 1 µF, 50 V, RHE Series, ± 10%, Radial Leaded, X8L",
C6,1,C-EU025-024X044,1µ,Murata,RHEL81H105K2A2H03B,,2529486,"RHEL81H105K2A2H03B  Multilayer Ceramic Capacitor, 1 µF, 50 V, RHE Series, ± 10%, Radial Leaded, X8L",
C7,1,C-EU025-024X044,1µ,Murata,RHEL81H105K2A2H03B,,2529486,"RHEL81H105K2A2H03B  Multilayer Ceramic Capacitor, 1 µF, 50 V, RHE Series, ± 10%, Radial Leaded, X8L",
C8,1,C-EU025-024X044,1µ,Murata,RHEL81H105K2A2H03B,,2529486,"RHEL81H105K2A2H03B  Multilayer Ceramic Capacitor, 1 µF, 50 V, RHE Series, ± 10%, Radial Leaded, X8L",
C9,1,C-EU025-024X044,1µ,Murata,RHEL81H105K2A2H03B,,2529486,"RHEL81H105K2A2H03B  Multilayer Ceramic Capacitor, 1 µF, 50 V, RHE Series, ± 10%, Radial Leaded, X8L",
C11,1,C-EU025-024X044,1µ,Murata,RHEL81H105K2A2H03B,,2529486,"RHEL81H105K2A2H03B  Multilayer Ceramic Capacitor, 1 µF, 50 V, RHE Series, ± 10%, Radial Leaded, X8L",
C12,1,C-EU025-024X044,1µ,Murata,RHEL81H105K2A2H03B,,2529486,"RHEL81H105K2A2H03B  Multilayer Ceramic Capacitor, 1 µF, 50 V, RHE Series, ± 10%, Radial Leaded, X8L",
C15,1,C-EU025-024X044,1µ,Murata,RHEL81H105K2A2H03B,,2529486,"RHEL81H105K2A2H03B  Multilayer Ceramic Capacitor, 1 µF, 50 V, RHE Series, ± 10%, Radial Leaded, X8L",
C16,1,C-EU025-024X044,1µ,Murata,RHEL81H105K2A2H03B,,2529486,"RHEL81H105K2A2H03B  Multilayer Ceramic Capacitor, 1 µF, 50 V, RHE Series, ± 10%, Radial Leaded, X8L",
C17,1,C-EU025-024X044,1µ,Murata,RHEL81H105K2A2H03B,,2529486,"RHEL81H105K2A2H03B  Multilayer Ceramic Capacitor, 1 µF, 50 V, RHE Series, ± 10%, Radial Leaded, X8L",
C23,1,C-EU025-024X044,1µ,Murata,RHEL81H105K2A2H03B,,2529486,"RHEL81H105K2A2H03B  Multilayer Ceramic Capacitor, 1 µF, 50 V, RHE Series, ± 10%, Radial Leaded, X8L",
C22,1,C-EU025-024X044,1µ,Murata,RHEL81H105K2A2H03B,,2529486,"RHEL81H105K2A2H03B  Multilayer Ceramic Capacitor, 1 µF, 50 V, RHE Series, ± 10%, Radial Leaded, X8L",
C24,1,C-EU025-024X044,1µ,Murata,RHEL81H105K2A2H03B,,2529486,"RHEL81H105K2A2H03B  Multilayer Ceramic Capacitor, 1 µF, 50 V, RHE Series, ± 10%, Radial Leaded, X8L",
C1,1,C-EU025-024X044,22nF,Vishay,K223K15X7RF53L2,,1141773,"K223K15X7RF53L2  Multilayer Ceramic Capacitor, 0.022 µF, 50 V, Mono-Kap Series, ± 10%, Radial Leaded, X7R",
C13,1,C-EU025-024X044,22nF,Vishay,K223K15X7RF53L2,,1141773,"K223K15X7RF53L2  Multilayer Ceramic Capacitor, 0.022 µF, 50 V, Mono-Kap Series, ± 10%, Radial Leaded, X7R",
C14,1,C-EU025-024X044,22nF,Vishay,K223K15X7RF53L2,,1141773,"K223K15X7RF53L2  Multilayer Ceramic Capacitor, 0.022 µF, 50 V, Mono-Kap Series, ± 10%, Radial Leaded, X7R",
C18,1,C-EU050-024X044,0.1µ,MULTICOMP,MC0805Y104M500A2.54MM,,2112751,"MC0805Y104M500A2.54MMÊ Multilayer Ceramic Capacitor, 0.1 µF, 50 V, MC Series, ± 20%, Radial Leaded, Y5V",
C19,1,C-EU050-024X044,0.1µ,MULTICOMP,MC0805Y104M500A2.54MM,,2112751,"MC0805Y104M500A2.54MMÊ Multilayer Ceramic Capacitor, 0.1 µF, 50 V, MC Series, ± 20%, Radial Leaded, Y5V",
C95,1,C-EU050-024X044,10n,MULTICOMP,MCRR25103X7RK0100,,1216425,"MCRR25103X7RK0100  Multilayer Ceramic Capacitor, 0.01 µF, 100 V, MCRR Series, ± 10%, Radial Leaded, X7R",
C96,1,C-EU050-024X044,10n,MULTICOMP,MCRR25103X7RK0100,,1216425,"MCRR25103X7RK0100  Multilayer Ceramic Capacitor, 0.01 µF, 100 V, MCRR Series, ± 10%, Radial Leaded, X7R",
C100,1,C-EU050-024X044,10n,MULTICOMP,MCRR25103X7RK0100,,1216425,"MCRR25103X7RK0100  Multilayer Ceramic Capacitor, 0.01 µF, 100 V, MCRR Series, ± 10%, Radial Leaded, X7R",
C101,1,C-EU050-024X044,10n,MULTICOMP,MCRR25103X7RK0100,,1216425,"MCRR25103X7RK0100  Multilayer Ceramic Capacitor, 0.01 µF, 100 V, MCRR Series, ± 10%, Radial Leaded, X7R",
C102,1,C-EU050-024X044,47n,MULTICOMP,MCRR25473X7RK0050,,1216437,"MCRR25473X7RK0050  Multilayer Ceramic Capacitor, 0.047 µF, 50 V, MCRR Series, ± 10%, Radial Leaded, X7R",
C103,1,C-EU050-024X044,47n,MULTICOMP,MCRR25473X7RK0050,,1216437,"MCRR25473X7RK0050  Multilayer Ceramic Capacitor, 0.047 µF, 50 V, MCRR Series, ± 10%, Radial Leaded, X7R",
C97,1,C-EU050-024X044,100n,MULTICOMP,MC0805Y104M500A2.54MM,,2112751,"MC0805Y104M500A2.54MMÊ Multilayer Ceramic Capacitor, 0.1 µF, 50 V, MC Series, ± 20%, Radial Leaded, Y5V",
C98,1,C-EU050-024X044,100n,MULTICOMP,MC0805Y104M500A2.54MM,,2112751,"MC0805Y104M500A2.54MMÊ Multilayer Ceramic Capacitor, 0.1 µF, 50 V, MC Series, ± 20%, Radial Leaded, Y5V",
C99,1,C-EU050-024X044,100n,MULTICOMP,MC0805Y104M500A2.54MM,,2112751,"MC0805Y104M500A2.54MMÊ Multilayer Ceramic Capacitor, 0.1 µF, 50 V, MC Series, ± 20%, Radial Leaded, Y5V",
C104,1,C-USC0805,0.1uF,MURATA,GCM21BR71E105KA56L,723-5036,,"Murata 0805 GCM 1_F Ceramic Multilayer Capacitor, 25 V dc X7R Dielectric ±10% SMD",
C106,1,C-USC0805,0.1uF,MURATA,GCM21BR71E105KA56L,723-5036,,"Murata 0805 GCM 1_F Ceramic Multilayer Capacitor, 25 V dc X7R Dielectric ±10% SMD",
C107,1,C-USC0805,0.1uF,MURATA,GCM21BR71E105KA56L,723-5036,,"Murata 0805 GCM 1_F Ceramic Multilayer Capacitor, 25 V dc X7R Dielectric ±10% SMD",
C108,1,C-USC0805,0.1uF,MURATA,GCM21BR71E105KA56L,723-5036,,"Murata 0805 GCM 1_F Ceramic Multilayer Capacitor, 25 V dc X7R Dielectric ±10% SMD",
C109,1,C-USC0805,0.01uF,MULTICOMP,MCU0805R103KCT,,9406352,"SMD Multilayer Ceramic Capacitor, 0805 [2012 Metric], 0.01 µF, 50 V, ± 10%, X7R",
C33,1,C-USC0805,1uF,MURATA,GCM21BR71E105KA56L,723-5036,,"Murata 0805 GCM 1_F Ceramic Multilayer Capacitor, 25 V dc X7R Dielectric ±10% SMD",
C34,1,C-USC0805,1uF,MURATA,GCM21BR71E105KA56L,723-5036,,"Murata 0805 GCM 1_F Ceramic Multilayer Capacitor, 25 V dc X7R Dielectric ±10% SMD",
C35,1,C-USC0805,1uF,MURATA,GCM21BR71E105KA56L,723-5036,,"Murata 0805 GCM 1_F Ceramic Multilayer Capacitor, 25 V dc X7R Dielectric ±10% SMD",
C36,1,C-USC0805,1uF,MURATA,GCM21BR71E105KA56L,723-5036,,"Murata 0805 GCM 1_F Ceramic Multilayer Capacitor, 25 V dc X7R Dielectric ±10% SMD",
C37,1,C-USC0805,1uF,MURATA,GCM21BR71E105KA56L,723-5036,,"Murata 0805 GCM 1_F Ceramic Multilayer Capacitor, 25 V dc X7R Dielectric ±10% SMD",
C38,1,C-USC0805,1uF,MURATA,GCM21BR71E105KA56L,723-5036,,"Murata 0805 GCM 1_F Ceramic Multilayer Capacitor, 25 V dc X7R Dielectric ±10% SMD",
C45,1,C-USC0805,1uF,MURATA,GCM21BR71E105KA56L,723-5036,,"Murata 0805 GCM 1_F Ceramic Multilayer Capacitor, 25 V dc X7R Dielectric ±10% SMD",
C46,1,C-USC0805,1uF,MURATA,GCM21BR71E105KA56L,723-5036,,"Murata 0805 GCM 1_F Ceramic Multilayer Capacitor, 25 V dc X7R Dielectric ±10% SMD",
C55,1,C-USC0805,1uF,MURATA,GCM21BR71E105KA56L,723-5036,,"Murata 0805 GCM 1_F Ceramic Multilayer Capacitor, 25 V dc X7R Dielectric ±10% SMD",
C56,1,C-USC0805,1uF,MURATA,GCM21BR71E105KA56L,723-5036,,"Murata 0805 GCM 1_F Ceramic Multilayer Capacitor, 25 V dc X7R Dielectric ±10% SMD",
C57,1,C-USC0805,1uF,MURATA,GCM21BR71E105KA56L,723-5036,,"Murata 0805 GCM 1_F Ceramic Multilayer Capacitor, 25 V dc X7R Dielectric ±10% SMD",
C58,1,C-USC0805,1uF,MURATA,GCM21BR71E105KA56L,723-5036,,"Murata 0805 GCM 1_F Ceramic Multilayer Capacitor, 25 V dc X7R Dielectric ±10% SMD",
C59,1,C-USC0805,1uF,MURATA,GCM21BR71E105KA56L,723-5036,,"Murata 0805 GCM 1_F Ceramic Multilayer Capacitor, 25 V dc X7R Dielectric ±10% SMD",
C60,1,C-USC0805,1uF,MURATA,GCM21BR71E105KA56L,723-5036,,"Murata 0805 GCM 1_F Ceramic Multilayer Capacitor, 25 V dc X7R Dielectric ±10% SMD",
C67,1,C-USC0805,1uF,MURATA,GCM21BR71E105KA56L,723-5036,,"Murata 0805 GCM 1_F Ceramic Multilayer Capacitor, 25 V dc X7R Dielectric ±10% SMD",
C68,1,C-USC0805,1uF,MURATA,GCM21BR71E105KA56L,723-5036,,"Murata 0805 GCM 1_F Ceramic Multilayer Capacitor, 25 V dc X7R Dielectric ±10% SMD",
C77,1,C-USC0805,1uF,MURATA,GCM21BR71E105KA56L,723-5036,,"Murata 0805 GCM 1_F Ceramic Multilayer Capacitor, 25 V dc X7R Dielectric ±10% SMD",
C78,1,C-USC0805,1uF,MURATA,GCM21BR71E105KA56L,723-5036,,"Murata 0805 GCM 1_F Ceramic Multilayer Capacitor, 25 V dc X7R Dielectric ±10% SMD",
C79,1,C-USC0805,1uF,MURATA,GCM21BR71E105KA56L,723-5036,,"Murata 0805 GCM 1_F Ceramic Multilayer Capacitor, 25 V dc X7R Dielectric ±10% SMD",
C80,1,C-USC0805,1uF,MURATA,GCM21BR71E105KA56L,723-5036,,"Murata 0805 GCM 1_F Ceramic Multilayer Capacitor, 25 V dc X7R Dielectric ±10% SMD",
C81,1,C-USC0805,1uF,MURATA,GCM21BR71E105KA56L,723-5036,,"Murata 0805 GCM 1_F Ceramic Multilayer Capacitor, 25 V dc X7R Dielectric ±10% SMD",
C82,1,C-USC0805,1uF,MURATA,GCM21BR71E105KA56L,723-5036,,"Murata 0805 GCM 1_F Ceramic Multilayer Capacitor, 25 V dc X7R Dielectric ±10% SMD",
C89,1,C-USC0805,1uF,MURATA,GCM21BR71E105KA56L,723-5036,,"Murata 0805 GCM 1_F Ceramic Multilayer Capacitor, 25 V dc X7R Dielectric ±10% SMD",
C90,1,C-USC0805,1uF,MURATA,GCM21BR71E105KA56L,723-5036,,"Murata 0805 GCM 1_F Ceramic Multilayer Capacitor, 25 V dc X7R Dielectric ±10% SMD",
C94,1,C-USC0805,10n,Kemet,C0805C103K5RACTU,,2392340,"C0805C103K5RACTU  SMD Multilayer Ceramic Capacitor, 0805 [2012 Metric], 0.01 µF, 50 V, ± 10%, X7R",
C105,1,C-USC0805,47nF,MULTICOMP,MC0805B473K500CT,,2310725,"MC0805B473K500CT  SMD Multilayer Ceramic Capacitor, 0805 [2012 Metric], 0.047 µF, 50 V, ± 10%, X7R",
C27,1,C-USC0805,100n,AVX,08053C104KAT2A,390-990,,"AVX 0805 Standard 100nF Ceramic Multilayer Capacitor, 25 V dc X7R Dielectric ±10% SMD",
C28,1,C-USC0805,100n,AVX,08053C104KAT2A,390-990,,"AVX 0805 Standard 100nF Ceramic Multilayer Capacitor, 25 V dc X7R Dielectric ±10% SMD",
C49,1,C-USC0805,100n,AVX,08053C104KAT2A,390-990,,"AVX 0805 Standard 100nF Ceramic Multilayer Capacitor, 25 V dc X7R Dielectric ±10% SMD",
C50,1,C-USC0805,100n,AVX,08053C104KAT2A,390-990,,"AVX 0805 Standard 100nF Ceramic Multilayer Capacitor, 25 V dc X7R Dielectric ±10% SMD",
C71,1,C-USC0805,100n,AVX,08053C104KAT2A,390-990,,"AVX 0805 Standard 100nF Ceramic Multilayer Capacitor, 25 V dc X7R Dielectric ±10% SMD",
C72,1,C-USC0805,100n,AVX,08053C104KAT2A,390-990,,"AVX 0805 Standard 100nF Ceramic Multilayer Capacitor, 25 V dc X7R Dielectric ±10% SMD",
C92,1,C-USC0805,100n,AVX,08053C104KAT2A,390-990,,"AVX 0805 Standard 100nF Ceramic Multilayer Capacitor, 25 V dc X7R Dielectric ±10% SMD",
C93,1,C-USC0805,100n,AVX,08053C104KAT2A,390-990,,"AVX 0805 Standard 100nF Ceramic Multilayer Capacitor, 25 V dc X7R Dielectric ±10% SMD",
C39,1,C-USC0805,220pf,AVX,08051A221JAT2A,464-6593,,"AVX 0805 Standard 220pF Ceramic Multilayer Capacitor, 100 V dc C0G Dielectric ±5% SMD",
C40,1,C-USC0805,220pf,AVX,08051A221JAT2A,464-6593,,"AVX 0805 Standard 220pF Ceramic Multilayer Capacitor, 100 V dc C0G Dielectric ±5% SMD",
C61,1,C-USC0805,220pf,AVX,08051A221JAT2A,464-6593,,"AVX 0805 Standard 220pF Ceramic Multilayer Capacitor, 100 V dc C0G Dielectric ±5% SMD",
C62,1,C-USC0805,220pf,AVX,08051A221JAT2A,464-6593,,"AVX 0805 Standard 220pF Ceramic Multilayer Capacitor, 100 V dc C0G Dielectric ±5% SMD",
C83,1,C-USC0805,220pf,AVX,08051A221JAT2A,464-6593,,"AVX 0805 Standard 220pF Ceramic Multilayer Capacitor, 100 V dc C0G Dielectric ±5% SMD",
C84,1,C-USC0805,220pf,AVX,08051A221JAT2A,464-6593,,"AVX 0805 Standard 220pF Ceramic Multilayer Capacitor, 100 V dc C0G Dielectric ±5% SMD",
C41,1,C-USC0805,330pF,AVX,08051A331JAT2A,464-6616,,"AVX 0805 Standard 330pF Ceramic Multilayer Capacitor, 100 V dc C0G Dielectric ±5% SMD",
C42,1,C-USC0805,330pF,AVX,08051A331JAT2A,464-6616,,"AVX 0805 Standard 330pF Ceramic Multilayer Capacitor, 100 V dc C0G Dielectric ±5% SMD",
C43,1,C-USC0805,330pF,AVX,08051A331JAT2A,464-6616,,"AVX 0805 Standard 330pF Ceramic Multilayer Capacitor, 100 V dc C0G Dielectric ±5% SMD",
C44,1,C-USC0805,330pF,AVX,08051A331JAT2A,464-6616,,"AVX 0805 Standard 330pF Ceramic Multilayer Capacitor, 100 V dc C0G Dielectric ±5% SMD",
C63,1,C-USC0805,330pF,AVX,08051A331JAT2A,464-6616,,"AVX 0805 Standard 330pF Ceramic Multilayer Capacitor, 100 V dc C0G Dielectric ±5% SMD",
C64,1,C-USC0805,330pF,AVX,08051A331JAT2A,464-6616,,"AVX 0805 Standard 330pF Ceramic Multilayer Capacitor, 100 V dc C0G Dielectric ±5% SMD",
C65,1,C-USC0805,330pF,AVX,08051A331JAT2A,464-6616,,"AVX 0805 Standard 330pF Ceramic Multilayer Capacitor, 100 V dc C0G Dielectric ±5% SMD",
C66,1,C-USC0805,330pF,AVX,08051A331JAT2A,464-6616,,"AVX 0805 Standard 330pF Ceramic Multilayer Capacitor, 100 V dc C0G Dielectric ±5% SMD",
C85,1,C-USC0805,330pF,AVX,08051A331JAT2A,464-6616,,"AVX 0805 Standard 330pF Ceramic Multilayer Capacitor, 100 V dc C0G Dielectric ±5% SMD",
C86,1,C-USC0805,330pF,AVX,08051A331JAT2A,464-6616,,"AVX 0805 Standard 330pF Ceramic Multilayer Capacitor, 100 V dc C0G Dielectric ±5% SMD",
C87,1,C-USC0805,330pF,AVX,08051A331JAT2A,464-6616,,"AVX 0805 Standard 330pF Ceramic Multilayer Capacitor, 100 V dc C0G Dielectric ±5% SMD",
C88,1,C-USC0805,330pF,AVX,08051A331JAT2A,464-6616,,"AVX 0805 Standard 330pF Ceramic Multilayer Capacitor, 100 V dc C0G Dielectric ±5% SMD",
C20,1,CAP16mm,220µ,Panasonic, EEUFM1E221,526-1480,,Panasonic Aluminium Electrolytic Capacitor 220_F 25 V dc 8mm Through Hole series,
C21,1,CAP16mm,680µ,Wurth Elektronik,8.60021E+11,840-5024,,Wurth Elektronik Aluminium Electrolytic Capacitor 680_F 63 V dc 16mm Radial,
C10,1,CPOL-EUE2-4,10u,MULTICOMP,MCGPR63V106M5X11,,9451480,"MCGPR63V106M5X11  Electrolytic Capacitor, 10 µF, 63 V, MCGPR Series, ± 20%, Radial Leaded, 5 mm",
C91,1,CPOL-EUE2-5,10u,MULTICOMP,MCGPR63V106M5X11,,9451480,"MCGPR63V106M5X11  Electrolytic Capacitor, 10 µF, 63 V, MCGPR Series, ± 20%, Radial Leaded, 5 mm",
C25,1,CPOL-EUE2.5-5,100µ,Panasonic,EEU-FC1E101S,,1848439," EEU-FC1E101S  Electrolytic Capacitor, 100 µF, 25 V, FC Series, ± 20%, Radial Leaded, 6.3 mm",
C26,1,CPOL-EUE2.5-5,100µ,Panasonic,EEU-FC1E101S,,1848439," EEU-FC1E101S  Electrolytic Capacitor, 100 µF, 25 V, FC Series, ± 20%, Radial Leaded, 6.3 mm",
C29,1,"CPOL-EUE2,5-6E",100µ,Panasonic,EEU-FC1E101S,,1848439," EEU-FC1E101S  Electrolytic Capacitor, 100 µF, 25 V, FC Series, ± 20%, Radial Leaded, 6.3 mm",
C30,1,"CPOL-EUE2,5-6E",100µ,Panasonic,EEU-FC1E101S,,1848439," EEU-FC1E101S  Electrolytic Capacitor, 100 µF, 25 V, FC Series, ± 20%, Radial Leaded, 6.3 mm",
C31,1,"CPOL-EUE2,5-6E",100µ,Panasonic,EEU-FC1E101S,,1848439," EEU-FC1E101S  Electrolytic Capacitor, 100 µF, 25 V, FC Series, ± 20%, Radial Leaded, 6.3 mm",
C32,1,"CPOL-EUE2,5-6E",100µ,Panasonic,EEU-FC1E101S,,1848439," EEU-FC1E101S  Electrolytic Capacitor, 100 µF, 25 V, FC Series, ± 20%, Radial Leaded, 6.3 mm",
C47,1,CPOL-EUE2.5-5,100µ,Panasonic,EEU-FC1E101S,,1848439," EEU-FC1E101S  Electrolytic Capacitor, 100 µF, 25 V, FC Series, ± 20%, Radial Leaded, 6.3 mm",
C48,1,CPOL-EUE2.5-5,100µ,Panasonic,EEU-FC1E101S,,1848439," EEU-FC1E101S  Electrolytic Capacitor, 100 µF, 25 V, FC Series, ± 20%, Radial Leaded, 6.3 mm",
C51,1,"CPOL-EUE2,5-6E",100µ,Panasonic,EEU-FC1E101S,,1848439," EEU-FC1E101S  Electrolytic Capacitor, 100 µF, 25 V, FC Series, ± 20%, Radial Leaded, 6.3 mm",
C52,1,"CPOL-EUE2,5-6E",100µ,Panasonic,EEU-FC1E101S,,1848439," EEU-FC1E101S  Electrolytic Capacitor, 100 µF, 25 V, FC Series, ± 20%, Radial Leaded, 6.3 mm",
C53,1,"CPOL-EUE2,5-6E",100µ,Panasonic,EEU-FC1E101S,,1848439," EEU-FC1E101S  Electrolytic Capacitor, 100 µF, 25 V, FC Series, ± 20%, Radial Leaded, 6.3 mm",
C54,1,"CPOL-EUE2,5-6E",100µ,Panasonic,EEU-FC1E101S,,1848439," EEU-FC1E101S  Electrolytic Capacitor, 100 µF, 25 V, FC Series, ± 20%, Radial Leaded, 6.3 mm",
C69,1,CPOL-EUE2.5-5,100µ,Panasonic,EEU-FC1E101S,,1848439," EEU-FC1E101S  Electrolytic Capacitor, 100 µF, 25 V, FC Series, ± 20%, Radial Leaded, 6.3 mm",
C70,1,CPOL-EUE2.5-5,100µ,Panasonic,EEU-FC1E101S,,1848439," EEU-FC1E101S  Electrolytic Capacitor, 100 µF, 25 V, FC Series, ± 20%, Radial Leaded, 6.3 mm",
C73,1,"CPOL-EUE2,5-6E",100µ,Panasonic,EEU-FC1E101S,,1848439," EEU-FC1E101S  Electrolytic Capacitor, 100 µF, 25 V, FC Series, ± 20%, Radial Leaded, 6.3 mm",
C74,1,"CPOL-EUE2,5-6E",100µ,Panasonic,EEU-FC1E101S,,1848439," EEU-FC1E101S  Electrolytic Capacitor, 100 µF, 25 V, FC Series, ± 20%, Radial Leaded, 6.3 mm",
C75,1,"CPOL-EUE2,5-6E",100µ,Panasonic,EEU-FC1E101S,,1848439," EEU-FC1E101S  Electrolytic Capacitor, 100 µF, 25 V, FC Series, ± 20%, Radial Leaded, 6.3 mm",
C76,1,"CPOL-EUE2,5-6E",100µ,Panasonic,EEU-FC1E101S,,1848439," EEU-FC1E101S  Electrolytic Capacitor, 100 µF, 25 V, FC Series, ± 20%, Radial Leaded, 6.3 mm",
U2,1,DC_DC_5K2,,Murata Power Solutions,MEJ1S0505SC,829-4828,,"Murata Power Solutions Isolated DC-DC Converter, Vin 4.5 _ 5.5 V dc, Vout 5V, I/O isolation 5.2kV dc",
DC1,1,DC_DC_IGBT,,Murata Power Solutions,MGJ2D051505SC,816-3493,,"Murata Power Solutions 2W Isolated DC-DC Converter, Vin 4.5 _ 5.5 V, Vout 15 V, -5 V, I/O isolation 5200V dc",
DC2,1,DC_DC_IGBT,,Murata Power Solutions,MGJ2D051505SC,816-3493,,"Murata Power Solutions 2W Isolated DC-DC Converter, Vin 4.5 _ 5.5 V, Vout 15 V, -5 V, I/O isolation 5200V dc",
DC3,1,DC_DC_IGBT,,Murata Power Solutions,MGJ2D051505SC,816-3493,,"Murata Power Solutions 2W Isolated DC-DC Converter, Vin 4.5 _ 5.5 V, Vout 15 V, -5 V, I/O isolation 5200V dc",
DC4,1,DC_DC_IGBT,,Murata Power Solutions,MGJ2D051505SC,816-3493,,"Murata Power Solutions 2W Isolated DC-DC Converter, Vin 4.5 _ 5.5 V, Vout 15 V, -5 V, I/O isolation 5200V dc",
DC5,1,DC_DC_IGBT,,Murata Power Solutions,MGJ2D051505SC,816-3493,,"Murata Power Solutions 2W Isolated DC-DC Converter, Vin 4.5 _ 5.5 V, Vout 15 V, -5 V, I/O isolation 5200V dc",
DC6,1,DC_DC_IGBT,,Murata Power Solutions,MGJ2D051505SC,816-3493,,"Murata Power Solutions 2W Isolated DC-DC Converter, Vin 4.5 _ 5.5 V, Vout 15 V, -5 V, I/O isolation 5200V dc",
D2,1,DIODE-SMB,B360B-13-F,Taiwan Semiconductor,ES1J R2,652-7444,,"Taiwan ES1J R2, Fast Rectifier Diode, 600V, 35ns, 1A, 2-pin SMA",
D3,1,DIODE-SMB,B360B-13-F,Taiwan Semiconductor,ES1J R2,652-7444,,"Taiwan ES1J R2, Fast Rectifier Diode, 600V, 35ns, 1A, 2-pin SMA",
D4,1,DIODE-SMB,B360B-13-F,Taiwan Semiconductor,ES1J R2,652-7444,,"Taiwan ES1J R2, Fast Rectifier Diode, 600V, 35ns, 1A, 2-pin SMA",
D5,1,DIODE-SMB,B360B-13-F,Taiwan Semiconductor,ES1J R2,652-7444,,"Taiwan ES1J R2, Fast Rectifier Diode, 600V, 35ns, 1A, 2-pin SMA",
D6,1,DIODE-SMB,B360B-13-F,Taiwan Semiconductor,ES1J R2,652-7444,,"Taiwan ES1J R2, Fast Rectifier Diode, 600V, 35ns, 1A, 2-pin SMA",
D7,1,DIODE-SMB,B360B-13-F,Taiwan Semiconductor,ES1J R2,652-7444,,"Taiwan ES1J R2, Fast Rectifier Diode, 600V, 35ns, 1A, 2-pin SMA",
RN3,1,E4R,330R,Bourns,4608X-102-331LF,,9356665,"BOURNS  4608X-102-331LF  Fixed Network Resistor, 330 ohm, 100 V, 4 Elements, Isolated, SIP, 300 mW",
U5,1,FT232RL,FT232RL,FTDI Chip,FT232RL-REEL,888-8732,,"FT232RL-REEL, USB Controller, 3MBd, USB 2.0, 1.8 _ 5.25 V, 28-Pin SSOP",
L1,1,L-EUTJ3-U1,,Bourns,2109-V-RC,,1929750,"Inductor, Toroidal, High Current, 2100 Series, 47 µH, 3.6 A, 0.055 ohm, ± 15%",
IC1,1,LM339N,LM339N,Texas Instruments,LM339AN,,1564966,"LM339AN  Analogue Comparator, Quad, Voltage, 4, 1.3 µs, 2V to 36V, ± 1V to ± 18V, DIP",
IC5,1,LM2596TV,,Texas Instruments,LM2596T-5.0,,1206529,"LM2596T-5.0  Buck (Step Down) Switching Regulator, Fixed, 4.5V-40V In, 5V And 3A Out, TO-220-5",
JP1,1,PINHD-2X13,,MULTICOMP,2212S-20SG-85,,1593469,"Board-To-Board Connector, 2.54 mm, 20 Contacts, Receptacle, 2212S Series, Through Hole, 1 Rows",
JP2,1,PINHD-2X13,,MULTICOMP,2212S-20SG-85,,1593469,"Board-To-Board Connector, 2.54 mm, 20 Contacts, Receptacle, 2212S Series, Through Hole, 1 Rows",
X1,1,PN61729-S,PN61729-S,AMPHENOL FCI,61729-0010BLF,,1097897,"USB Connector, USB Type B, USB 2.0, Receptacle, 4 Ways, Through Hole Mount, Right Angle",
R1,1,R-EU_0207/10,1K,MULTICOMP,MCF 0.25W 1K,,9339051,Axial Carbon Resistor 1k½ ±5% 0.25W,
R61,1,R-EU_0207/10,1M2,MULTICOMP,MCCFR0W4J0125A50,,2410785,Axial Carbon Resistor 1M2½ ±5% 0.25W,
R62,1,R-EU_0207/10,1M2,MULTICOMP,MCCFR0W4J0125A50,,2410785,Axial Carbon Resistor 1M2½ ±5% 0.25W,
R3,1,R-EU_0207/10,1.2k,MULTICOMP,MCF 0.25W 1K2,,9339124,Axial Carbon Resistor 1k2½ ±5% 0.25W,
R11,1,R-EU_0207/10,1.2k,MULTICOMP,MCF 0.25W 1K2,,9339124,Axial Carbon Resistor 1k2½ ±5% 0.25W,
R15,1,R-EU_0207/10,1.2k,MULTICOMP,MCF 0.25W 1K2,,9339124,Axial Carbon Resistor 1k2½ ±5% 0.25W,
R21,1,R-EU_0207/10,1.2k,MULTICOMP,MCF 0.25W 1K2,,9339124,Axial Carbon Resistor 1k2½ ±5% 0.25W,
R47,1,R-EU_0207/10,1.2k,MULTICOMP,MCF 0.25W 1K2,,9339124,Axial Carbon Resistor 1k2½ ±5% 0.25W,
R19,1,R-EU_0207/10,3.3k,MULTICOMP,MF25 3K3,,9341749,"3K3  Through Hole Resistor, 3.3 kohm, 250 V, Axial Leaded, 250 mW, ± 1%",
R48,1,R-EU_0207/10,3.3k,MULTICOMP,MF25 3K3,,9341749,"3K3  Through Hole Resistor, 3.3 kohm, 250 V, Axial Leaded, 250 mW, ± 1%",
R59,1,R-EU_0207/10,4.7k,MULTICOMP,MCF 0.25W 4K7,,9339540,"4K7  Through Hole Resistor, 4.7 kohm, 250 V, Axial Leaded, 250 mW, ± 5%",
R20,1,R-EU_0207/10,6.6k,TE CONNECTIVITY,H86K65BYA,,1751532,"H86K65BYA  Through Hole Resistor, 6.65 kohm, 350 V, Axial Leaded, 250 mW",
R7,1,R-EU_0207/10,10k,MULTICOMP,MCF 0.25W 10K,,9339060,"10K  Through Hole Resistor, 10 kohm, 250 V, Axial Leaded, 250 mW, ± 5%",
R9,1,R-EU_0207/10,10k,MULTICOMP,MCF 0.25W 10K,,9339060,"10K  Through Hole Resistor, 10 kohm, 250 V, Axial Leaded, 250 mW, ± 5%",
R14,1,R-EU_0207/10,10k,MULTICOMP,MCF 0.25W 10K,,9339060,"10K  Through Hole Resistor, 10 kohm, 250 V, Axial Leaded, 250 mW, ± 5%",
R16,1,R-EU_0207/10,10k,MULTICOMP,MCF 0.25W 10K,,9339060,"10K  Through Hole Resistor, 10 kohm, 250 V, Axial Leaded, 250 mW, ± 5%",
R17,1,R-EU_0207/10,10k,MULTICOMP,MCF 0.25W 10K,,9339060,"10K  Through Hole Resistor, 10 kohm, 250 V, Axial Leaded, 250 mW, ± 5%",
R18,1,R-EU_0207/10,10k,MULTICOMP,MCF 0.25W 10K,,9339060,"10K  Through Hole Resistor, 10 kohm, 250 V, Axial Leaded, 250 mW, ± 5%",
R25,1,R-EU_0207/10,10k,MULTICOMP,MCF 0.25W 10K,,9339060,"10K  Through Hole Resistor, 10 kohm, 250 V, Axial Leaded, 250 mW, ± 5%",
R26,1,R-EU_0207/10,10k,MULTICOMP,MCF 0.25W 10K,,9339060,"10K  Through Hole Resistor, 10 kohm, 250 V, Axial Leaded, 250 mW, ± 5%",
R12,1,R-EU_0207/10,10K,MULTICOMP,MCF 0.25W 10K,,9339060,"10K  Through Hole Resistor, 10 kohm, 250 V, Axial Leaded, 250 mW, ± 5%",
R13,1,R-EU_0207/10,10K,MULTICOMP,MCF 0.25W 10K,,9339060,"10K  Through Hole Resistor, 10 kohm, 250 V, Axial Leaded, 250 mW, ± 5%",
R35,1,R-EU_0207/10,10k,MULTICOMP,MCF 0.25W 10K,,9339060,"10K  Through Hole Resistor, 10 kohm, 250 V, Axial Leaded, 250 mW, ± 5%",
R46,1,R-EU_0207/10,10k,MULTICOMP,MCF 0.25W 10K,,9339060,"10K  Through Hole Resistor, 10 kohm, 250 V, Axial Leaded, 250 mW, ± 5%",
R60,1,R-EU_0207/10,10k,MULTICOMP,MCF 0.25W 10K,,9339060,"10K  Through Hole Resistor, 10 kohm, 250 V, Axial Leaded, 250 mW, ± 5%",
R63,1,R-EU_0207/10,10k,MULTICOMP,MCF 0.25W 10K,,9339060,"10K  Through Hole Resistor, 10 kohm, 250 V, Axial Leaded, 250 mW, ± 5%",
R64,1,R-EU_0207/10,10k,MULTICOMP,MCF 0.25W 10K,,9339060,"10K  Through Hole Resistor, 10 kohm, 250 V, Axial Leaded, 250 mW, ± 5%",
R65,1,R-EU_0207/10,10k,MULTICOMP,MCF 0.25W 10K,,9339060,"10K  Through Hole Resistor, 10 kohm, 250 V, Axial Leaded, 250 mW, ± 5%",
R66,1,R-EU_0207/10,10k,MULTICOMP,MCF 0.25W 10K,,9339060,"10K  Through Hole Resistor, 10 kohm, 250 V, Axial Leaded, 250 mW, ± 5%",
R24,1,R-EU_0207/10,33K,MULTICOMP,MCF 0.25W 33K,,9339434,"33K  Through Hole Resistor, 33 kohm, 250 V, Axial Leaded, 250 mW, ± 5%",
R23,1,R-EU_0207/10,47k,MULTICOMP,MCF 0.25W 47K,,9339558,"47K  Through Hole Resistor, 47 kohm, 250 V, Axial Leaded, 250 mW, ± 5%",
R33,1,R-EU_0207/10,100k,MULTICOMP,MCF 0.25W 100K,,9339078,"100K  Through Hole Resistor, 100 kohm, 250 V, Axial Leaded, 250 mW, ± 5%",
R34,1,R-EU_0207/10,100k,MULTICOMP,MCF 0.25W 100K,,9339078,"100K  Through Hole Resistor, 100 kohm, 250 V, Axial Leaded, 250 mW, ± 5%",
R36,1,R-EU_0207/10,100k,MULTICOMP,MCF 0.25W 100K,,9339078,"100K  Through Hole Resistor, 100 kohm, 250 V, Axial Leaded, 250 mW, ± 5%",
R45,1,R-EU_0207/10,100k,MULTICOMP,MCF 0.25W 100K,,9339078,"100K  Through Hole Resistor, 100 kohm, 250 V, Axial Leaded, 250 mW, ± 5%",
R4,1,R-EU_0207/10,120R,MULTICOMP,MF25 120R,,9341218,"120R  Through Hole Resistor, 120 ohm, 250 V, Axial Leaded, 250 mW, ± 1%",
R8,1,R-EU_0207/10,120R,MULTICOMP,MF25 120R,,9341218,"120R  Through Hole Resistor, 120 ohm, 250 V, Axial Leaded, 250 mW, ± 1%",
R10,1,R-EU_0207/10,120R,MULTICOMP,MF25 120R,,9341218,"120R  Through Hole Resistor, 120 ohm, 250 V, Axial Leaded, 250 mW, ± 1%",
R5,1,R-EU_0207/10,500R,MULTICOMP,MCMFR0W4BB5000A50,,2396013,"Through Hole Resistor, 500 ohm, 250 V, Axial Leaded, 250 mW, ± 0.1%","Through Hole Resistor, 500 ohm, 250 V, Axial Leaded, 250 mW, ± 0.1%"
R6,1,R-EU_0207/10,500R,MULTICOMP,MCMFR0W4BB5000A50,,2396013,"Through Hole Resistor, 500 ohm, 250 V, Axial Leaded, 250 mW, ± 0.1%",
R27,1,R-US_R0805,1K,RS,804-6449,804-6449,,Thick Film Surface Mount Resistor 0805 Case 1k½ ±1% 0.125W ±100ppm/¡C,
R28,1,R-US_R0805,1K,RS,804-6449,804-6449,,Thick Film Surface Mount Resistor 0805 Case 1k½ ±1% 0.125W ±100ppm/¡C,
R39,1,R-US_R0805,1K,RS,804-6449,804-6449,,Thick Film Surface Mount Resistor 0805 Case 1k½ ±1% 0.125W ±100ppm/¡C,
R40,1,R-US_R0805,1K,RS,804-6449,804-6449,,Thick Film Surface Mount Resistor 0805 Case 1k½ ±1% 0.125W ±100ppm/¡C,
R51,1,R-US_R0805,1K,RS,804-6449,804-6449,,Thick Film Surface Mount Resistor 0805 Case 1k½ ±1% 0.125W ±100ppm/¡C,
R52,1,R-US_R0805,1K,RS,804-6449,804-6449,,Thick Film Surface Mount Resistor 0805 Case 1k½ ±1% 0.125W ±100ppm/¡C,
R71,1,R-US_R0805,1k,RS,804-6449,804-6449,,Thick Film Surface Mount Resistor 0805 Case 1k½ ±1% 0.125W ±100ppm/¡C,
R72,1,R-US_R0805,1k,RS,804-6449,804-6449,,Thick Film Surface Mount Resistor 0805 Case 1k½ ±1% 0.125W ±100ppm/¡C,
R73,1,R-US_R0805,1k,RS,804-6449,804-6449,,Thick Film Surface Mount Resistor 0805 Case 1k½ ±1% 0.125W ±100ppm/¡C,
R74,1,R-US_R0805,2K2,MULTICOMP,MC01W080512K2,,9332812,"SMD Chip Resistor, Thick Film, 2.2 kohm, 150 V, 0805 [2012 Metric], 100 mW, ± 1%",
R67,1,R-US_R0805,4.7K,MULTICOMP,MC01W080514K7,,9333266,"SMD Chip Resistor, Thick Film, 4.7 kohm, 150 V, 0805 [2012 Metric], 100 mW, ± 1%",
R68,1,R-US_R0805,10k,MULTICOMP,MCMR08X103 JTL,,2073612,"SMD Chip Resistor, Ceramic, 10 kohm, 150 V, 0805 [2012 Metric], 125 mW, ± 5%",
R69,1,R-US_R0805,60R4,MULTICOMP,MCMR08X60R4FTL,,2073817,"SMD Chip Resistor, Ceramic, 60.4 ohm, 150 V, 0805 [2012 Metric], 125 mW, ± 1%",
R70,1,R-US_R0805,60R4,MULTICOMP,MCMR08X60R4FTL,,2073817,"SMD Chip Resistor, Ceramic, 60.4 ohm, 150 V, 0805 [2012 Metric], 125 mW, ± 1%",
R29,1,R-US_R0805,150R,RS,804-6385,804-6385,,Thick Film Surface Mount Resistor 0805 Case 150½ ±1% 0.125W ±100ppm/¡C,
R30,1,R-US_R0805,150R,RS,804-6385,804-6385,,Thick Film Surface Mount Resistor 0805 Case 150½ ±1% 0.125W ±100ppm/¡C,
R31,1,R-US_R0805,150R,RS,804-6385,804-6385,,Thick Film Surface Mount Resistor 0805 Case 150½ ±1% 0.125W ±100ppm/¡C,
R32,1,R-US_R0805,150R,RS,804-6385,804-6385,,Thick Film Surface Mount Resistor 0805 Case 150½ ±1% 0.125W ±100ppm/¡C,
R41,1,R-US_R0805,150R,RS,804-6385,804-6385,,Thick Film Surface Mount Resistor 0805 Case 150½ ±1% 0.125W ±100ppm/¡C,
R42,1,R-US_R0805,150R,RS,804-6385,804-6385,,Thick Film Surface Mount Resistor 0805 Case 150½ ±1% 0.125W ±100ppm/¡C,
R43,1,R-US_R0805,150R,RS,804-6385,804-6385,,Thick Film Surface Mount Resistor 0805 Case 150½ ±1% 0.125W ±100ppm/¡C,
R44,1,R-US_R0805,150R,RS,804-6385,804-6385,,Thick Film Surface Mount Resistor 0805 Case 150½ ±1% 0.125W ±100ppm/¡C,
R53,1,R-US_R0805,150R,RS,804-6385,804-6385,,Thick Film Surface Mount Resistor 0805 Case 150½ ±1% 0.125W ±100ppm/¡C,
R54,1,R-US_R0805,150R,RS,804-6385,804-6385,,Thick Film Surface Mount Resistor 0805 Case 150½ ±1% 0.125W ±100ppm/¡C,
R55,1,R-US_R0805,150R,RS,804-6385,804-6385,,Thick Film Surface Mount Resistor 0805 Case 150½ ±1% 0.125W ±100ppm/¡C,
R56,1,R-US_R0805,150R,RS,804-6385,804-6385,,Thick Film Surface Mount Resistor 0805 Case 150½ ±1% 0.125W ±100ppm/¡C,
R2,1,R2512,4R7,TE Connectivity,35204R7JT,224-0092,,TE Connectivity 3520 Series Thick Film High Power Surface Mount Resistor 2512 Case 4.7½ ±5% 1W ±350ppm/¡C,
R22,1,R2512,4R7,TE Connectivity,35204R7JT,224-0092,,TE Connectivity 3520 Series Thick Film High Power Surface Mount Resistor 2512 Case 4.7½ ±5% 1W ±350ppm/¡C,
R37,1,R2512,4R7,TE Connectivity,35204R7JT,224-0092,,TE Connectivity 3520 Series Thick Film High Power Surface Mount Resistor 2512 Case 4.7½ ±5% 1W ±350ppm/¡C,
R38,1,R2512,4R7,TE Connectivity,35204R7JT,224-0092,,TE Connectivity 3520 Series Thick Film High Power Surface Mount Resistor 2512 Case 4.7½ ±5% 1W ±350ppm/¡C,
R49,1,R2512,4R7,TE Connectivity,35204R7JT,224-0092,,TE Connectivity 3520 Series Thick Film High Power Surface Mount Resistor 2512 Case 4.7½ ±5% 1W ±350ppm/¡C,
R50,1,R2512,4R7,TE Connectivity,35204R7JT,224-0092,,TE Connectivity 3520 Series Thick Film High Power Surface Mount Resistor 2512 Case 4.7½ ±5% 1W ±350ppm/¡C,
RN2,1,RN08,1.2k,Bourns,4609X-101-102LF,,9356800,"Fixed Network Resistor, 1 kohm, 100 V, 8 Elements, Bussed, SIP, 200 mW",
D1,1,SCHOTTKY-DIODEDO201T15,,Fairchild Semi,SB540,,1467533,"SB540  Schottky Rectifier, 40 V, 5 A, Single, DO-201AD, 2 Pins, 550 mV",
IC11,1,SN65HVD234D,,Texas Instruments,SN65HVD234D,,1212363,"SN65HVD234D  CAN Bus, Transceiver, CAN, 1, 1, 3 V, 3.6 V, SOIC",
U3,1,"TJA1055T/C,512",,NXP,"TJA1055T/C,512",,1771428,"CAN Bus, Transceiver, Serial, 1, 1, 4.75 V, 5.25 V, SOIC",
IC10,1,TLC274P,TLC274P,Texas Instruments,TLC2274CNE4,,1234680,"Operational Amplifier, Quad, 4 Amplifier, 2.2 MHz, 3.6 V/µs, ± 2.2V to ± 8V, DIP, 14 Pins",
Z1,1,VARISTORCN0603,CG0603MLC-05E,Bourns,CG0603MLC-05E,,1838966,"TVS Varistor, 8 V, 5 V, ChipGuard MLC Series, 20 V, 0603 [1608 Metric], ESD Protector",
Z2,1,VARISTORCN0603,CG0603MLC-05E,Bourns,CG0603MLC-05E,,1838966,"TVS Varistor, 8 V, 5 V, ChipGuard MLC Series, 20 V, 0603 [1608 Metric], ESD Protector",
CONN5,1,WIDE_2TB,,Phoenix Contact,"GMKDS 3/ 2-7,62",189-5966,1793006,"Wire-To-Board Terminal Block, 7.62 mm, 2 Ways, 24 AWG, 12 AWG, 4 mm_, Screw",